EventNum,Event,,,,,,,,,,,,,
0,Load,,,,,,,,,,,,,
1,Store,,,,,,,,,,,,,
2,Replacement,,,,,,,,,,,,,
3,Own_GetS,,,,,,,,,,,,,
4,Own_GetM,,,,,,,,,,,,,
5,Own_PutM,,,,,,,,,,,,,
6,Other_GetS,,,,,,,,,,,,,
7,Other_GetM,,,,,,,,,,,,,
8,Other_PutM,,,,,,,,,,,,,
9,OwnData,,,,,,,,,,,,,
10,Invalidation,,,,,,,,,,,,,
11,OwnData_Execlusive,,,,,,,,,,,,,
,,,,,,,,,,,,,,
ActionNum,Action,,,,,,,,,,,,,
0,Stall,,,,,,,,,,,,,
1,Hit,,,,,,,,,,,,,
2,GetS,,,,,,,,,,,,,
3,GetM,,,,,,,,,,,,,
4,PutM,,,,,,,,,,,,,
5,Data2Req,,,,,,,,,,,,,
6,Data2Both,,,,,,,,,,,,,
7,SaveReq,,,,,,,,,,,,,
8,Fault,,,,,,,,,,,,,
9,removeSavedReq,,,,,,,,,,,,,
,,,,,,,,,,,,,,
StateNum,State,,,,,,,,,,,,,
0,I,,,,,,,,,,,,,
1,IS_ad,,,,,,,,,,,,,
2,IS_d,,,,,,,,,,,,,
3,IS_a,,,,,,,,,,,,,
4,IS_dI,,,,,,,,,,,,,
5,IS_dII,,,,,,,,,,,,,
6,IM_ad,,,,,,,,,,,,,
7,IM_d,,,,,,,,,,,,,
8,IM_a,,,,,,,,,,,,,
9,IM_dI,,,,,,,,,,,,,
10,IM_dS,,,,,,,,,,,,,
11,IM_dSI,,,,,,,,,,,,,
12,S,,,,,,,,,,,,,
13,SM_ad,,,,,,,,,,,,,
14,SM_d,,,,,,,,,,,,,
15,SM_a,,,,,,,,,,,,,
16,SM_dI,,,,,,,,,,,,,
17,SM_dS,,,,,,,,,,,,,
18,SM_dSI,,,,,,,,,,,,,
19,M,,,,,,,,,,,,,
20,MI_a,,,,,,,,,,,,,
21,II_a,,,,,,,,,,,,,
22,E,,,,,,,,,,,,,
23,IES_d,,,,,,,,,,,,,
24,IES_dI,,,,,,,,,,,,,
25,EM_a,,,,,,,,,,,,,
26,EI_a,,,,,,,,,,,,,
,,,,,,,,,,,,,,
State,stable,isDataValid,Load,Store,Replacement,Own_GetS,Own_GetM,Own_PutM,Other_GetS,Other_GetM,Other_PutM,OwnData,Invalidation,OwnData_Execlusive
I,1,0,GetS/IS_ad,GetM/IM_ad,,Fault/,Fault/,Fault/,,,,Fault/,,Fault/
IS_ad,0,1,Stall/,Stall/,Stall/,IS_d,Fault/,Fault/,,,,IS_a,,Fault/
IS_d,0,1,Stall/,Stall/,Stall/,Fault/,Fault/,Fault/,SaveReq/IES_d,SaveReq/IS_dI,,Hit/S,IS_dII,Hit/E
IS_a,0,1,Stall/,Stall/,Stall/,Hit/S,Fault/,Fault/,,,Fault/,Fault/,IS_ad,Fault/
IS_dI,0,1,Stall/,Stall/,Stall/,Fault/,Fault/,Fault/,,,,Hit/removeSavedReq/I,,Hit/Data2Req/I
IS_dI,0,1,Stall/,Stall/,Stall/,Fault/,Fault/,Fault/,,,,Hit/removeSavedReq/I,,Hit/I
IM_ad,0,1,Stall/,Stall/,Stall/,Fault/,IM_d,Fault/,,,,IM_a,,Fault/
IM_d,0,1,Stall/,Stall/,Stall/,Fault/,Fault/,Fault/,SaveReq/IM_dS,SaveReq/IM_dI,,Hit/M,SaveReq/IM_dI,Fault/
IM_a,0,1,Stall/,Stall/,Stall/,Fault/,Hit/M,Fault/,,,,Fault/,IM_ad,Fault/
IM_dI,0,1,Stall/,Stall/,Stall/,Fault/,Fault/,Fault/,,,,Hit/Data2Req/I,,Fault/
IM_dS,0,1,Stall/,Stall/,Stall/,Fault/,Fault/,Fault/,,IM_dSI,,Hit/Data2Both/S,IM_dSI,Fault/
IM_dSI,0,1,Stall/,Stall/,Stall/,Fault/,Fault/,Fault/,,,,Hit/Data2Both/I,,Fault/
S,1,1,Hit/,GetM/SM_ad,I,Fault/,Fault/,Fault/,,I,,Fault/,I,Fault/
SM_ad,0,1,Hit/,Stall/,Stall/,Fault/,SM_d,Fault/,,IM_ad,,SM_a,IM_ad,Fault/
SM_d,0,1,Hit/,Stall/,Stall/,Fault/,Fault/,Fault/,SaveReq/SM_dS,SaveReq/SM_dI,,Hit/M,SaveReq/IM_dI,Fault/
SM_a,0,1,Hit/,Stall/,Stall/,Fault/,Hit/M,Fault/,,IM_a,Fault/,Fault/,IM_a,Fault/
SM_dI,0,1,Hit/,Stall/,Stall/,Fault/,Fault/,Fault/,,,,Hit/Data2Req/I,,Fault/
SM_dS,0,1,Hit/,Stall/,Stall/,Fault/,Fault/,Fault/,,SM_dSI,,Hit/Data2Both/S,SM_dSI,Fault/
SM_dSI,0,1,Hit/,Stall/,Stall/,Fault/,Fault/,Fault/,,,,Hit/Data2Both/I,,Fault/
M,1,1,Hit/,Hit/,PutM/MI_a,Fault/,Fault/,Fault/,Data2Both/S,Data2Req/I,,Fault/,Data2Req/I,Fault/
MI_a,0,1,Hit/,Hit/,Stall/,Fault/,Fault/,Data2Req/I,Data2Both/II_a,Data2Req/II_a,,Fault/,Data2Req/II_a,Fault/
II_a,0,1,Stall/,Stall/,Stall/,Fault/,Fault/,I,,,,Fault/,,Fault/
E,1,1,Hit/,GetM/EM_a,PutM/EI_a,Fault/,Fault/,Fault/,Data2Req/S,Data2Req/I,,Fault/,I,Fault/
IES_d,0,1,Stall/,Stall/,Stall/,Fault/,Fault/,Fault/,,IES_dI,,Hit/removeSavedReq/S,IS_dI,Hit/Data2Req/S
IES_dI,0,1,Stall/,Stall/,Stall/,Fault/,Fault/,Fault/,,,,Hit/removeSavedReq/S,IS_dI,Hit/Data2Req/I
EM_a,0,1,Stall/,Stall/,Stall/,Fault/,Hit/M,Fault/,Data2Req/SM_ad,Data2Req/IM_ad,Stall/,Fault/,IM_ad,Fault/
EI_a,0,1,Hit/,Stall/,Stall/,Fault/,Fault/,I,Data2Req/,Data2Req/II_a,,Fault/,II_a,Fault/
