EventNum,Event,,,,,,,,,,,,,
0,Load,,,,,,,,,,,,,
1,Store,,,,,,,,,,,,,
2,Replacement,,,,,,,,,,,,,
3,Own_GetS,,,,,,,,,,,,,
4,Own_GetM,,,,,,,,,,,,,
5,Own_PutM,,,,,,,,,,,,,
6,Other_GetS,,,,,,,,,,,,,
7,Other_GetM,,,,,,,,,,,,,
8,Other_PutM,,,,,,,,,,,,,
9,OwnData,,,,,,,,,,,,,
10,Invalidation,,,,,,,,,,,,,
11,OwnData_Execlusive,,,,,,,,,,,,,
,,,,,,,,,,,,,,
ActionNum,Action,,,,,,,,,,,,,
0,Stall,,,,,,,,,,,,,
1,Hit,,,,,,,,,,,,,
2,GetS,,,,,,,,,,,,,
3,GetM,,,,,,,,,,,,,
4,PutM,,,,,,,,,,,,,
5,Data2Req,,,,,,,,,,,,,
6,Data2Both,,,,,,,,,,,,,
7,SaveReq,,,,,,,,,,,,,
8,Fault,,,,,,,,,,,,,
9,removeSavedReq,,,,,,,,,,,,,
,,,,,,,,,,,,,,
StateNum,State,,,,,,,,,,,,,
0,I,,,,,,,,,,,,,
1,IS_ad,,,,,,,,,,,,,
2,IS_d,,,,,,,,,,,,,
3,IS_a,,,,,,,,,,,,,
4,IS_dI,,,,,,,,,,,,,
5,IM_ad,,,,,,,,,,,,,
6,IM_d,,,,,,,,,,,,,
7,IM_a,,,,,,,,,,,,,
8,IM_dI,,,,,,,,,,,,,
9,IM_dO,,,,,,,,,,,,,
10,S,,,,,,,,,,,,,
11,SM_ad,,,,,,,,,,,,,
12,SM_d,,,,,,,,,,,,,
13,SM_a,,,,,,,,,,,,,
14,SM_dI,,,,,,,,,,,,,
15,SM_dO,,,,,,,,,,,,,
16,M,,,,,,,,,,,,,
17,MI_a,,,,,,,,,,,,,
18,II_a,,,,,,,,,,,,,
19,E,,,,,,,,,,,,,
20,O,,,,,,,,,,,,,
21,OM_a,,,,,,,,,,,,,
22,OI_a,,,,,,,,,,,,,
23,IES_d,,,,,,,,,,,,,
24,IES_dI,,,,,,,,,,,,,
25,EM_a,,,,,,,,,,,,,
26,IM_dOI,,,,,,,,,,,,,
27,SM_dOI,,,,,,,,,,,,,
,,,,,,,,,,,,,,
State,stable,isDataValid,Load,Store,Replacement,Own_GetS,Own_GetM,Own_PutM,Other_GetS,Other_GetM,Other_PutM,OwnData,Invalidation,OwnData_Execlusive
I,1,0,GetS/IS_ad,GetM/IM_ad,,Fault/,Fault/,Fault/,,,,Fault/,,Fault/
IS_ad,0,1,Stall/,Stall/,Stall/,IS_d,Fault/,Fault/,,,,IS_a,,Fault/
IS_d,0,1,Stall/,Stall/,Stall/,Fault/,Fault/,Fault/,SaveReq/IES_d, SaveReq/IS_dI,,Hit/S,IS_dI,Hit/E
IS_a,0,1,Stall/,Stall/,Stall/,Hit/S,Fault/,Fault/,,,Fault/,Fault/,IS_ad,Fault/
IS_dI,0,1,Stall/,Stall/,Stall/,Fault/,Fault/,Fault/,,,,Hit/removeSavedReq/I,, Hit/Data2Req/I
IM_ad,0,1,Stall/,Stall/,Stall/,Fault/,IM_d,Fault/,,,,IM_a,,Fault/
IM_d,0,1,Stall/,Stall/,Stall/,Fault/,Fault/,Fault/,SaveReq/IM_dO,SaveReq/IM_dI,,Hit/M,SaveReq/IM_dI,Fault/
IM_a,0,1,Stall/,Stall/,Stall/,Fault/,Hit/M,Fault/,,,,Fault/,IM_ad,Fault/
IM_dI,0,1,Stall/,Stall/,Stall/,Fault/,Fault/,Fault/,,,,Hit/Data2Req/I,,Fault/
IM_dO,0,1,Stall/,Stall/,Stall/,Fault/,Fault/,Fault/,SaveReq/,SaveReq/IM_dOI,,Hit/Data2Req/O,SaveReq/IM_dOI,Fault/
S,1,1,Hit/,GetM/SM_ad,I,Fault/,Fault/,Fault/,,I,,Fault/,I,Fault/
SM_ad,0,1,Hit/,Stall/,Stall/,Fault/,SM_d,Fault/,,IM_ad,,SM_a,IM_ad,Fault/
SM_d,0,1,Hit/,Stall/,Stall/,Fault/,Fault/,Fault/,SaveReq/SM_dO,SaveReq/SM_dI,,Hit/M,SaveReq/IM_dI,Fault/
SM_a,0,1,Hit/,Stall/,Stall/,Fault/,Hit/M,Fault/,,IM_a,Fault/,Fault/,IM_a,Fault/
SM_dI,0,1,Hit/,Stall/,Stall/,Fault/,Fault/,Fault/,,,,Hit/Data2Req/I,,Fault/
SM_dO,0,1,Hit/,Stall/,Stall/,Fault/,Fault/,Fault/,SaveReq/,SaveReq/SM_dOI,,Hit/Data2Req/O,SaveReq/SM_dOI,Fault/
M,1,1,Hit/,Hit/,PutM/MI_a,Fault/,Fault/,Fault/,Data2Req/O,Data2Req/I,,Fault/,Data2Req/I,Fault/
MI_a,0,1,Hit/,Hit/,Stall/,Fault/,Fault/,Data2Req/I,Data2Req/OI_a,Data2Req/II_a,,Fault/,Data2Req/II_a,Fault/
II_a,0,1,Stall/,Stall/,Stall/,Fault/,Fault/,I,,,,Fault/,,Fault/
E,1,1,Hit/,GetM/EM_a,PutM/MI_a,Fault/,Fault/,Fault/,Data2Both/S,Data2Req/I,,Fault/,Data2Req/I,Fault/
O,1,1,Hit/,GetM/OM_a,PutM/OI_a,Fault/,Fault/,Fault/,Data2Req/,Data2Req/I,,Fault/,Data2Req/I,Fault/
OM_a,0,1,Hit/,Stall/,Stall/,Fault/,Hit/M,Fault/,Data2Req/,Data2Req/IM_ad,,Fault/,Data2Req/IM_ad,Fault/
OI_a,0,1,Hit/,Stall/,Stall/,Fault/,Fault/,Data2Req/I,Data2Req/,Data2Req/II_a,,Fault/,Data2Req/II_a,Fault/
IES_d,0,1,Stall/,Stall/,Stall/,Fault/,Fault/,Fault/,,IES_dI,,Hit/removeSavedReq/S,IS_dI,Hit/Data2Both/S
IES_dI,0,1,Stall/,Stall/,Stall/,Fault/,Fault/,Fault/,,,,Hit/removeSavedReq/S,IS_dI,Hit/Data2Both/I
EM_a,0,1,Stall/,Stall/,Stall/,Fault/,Hit/M,Fault/,Data2Both/SM_ad,Data2Req/IM_ad,Stall/,Fault/,Data2Req/IM_ad,Fault/
IM_dOI,0,1,Stall/,Stall/,Stall/,Fault/,Fault/,Fault/,,,,Hit/Data2Req/I,,Fault/
SM_dOI,0,1,Hit/,Stall/,Stall/,Fault/,Fault/,Fault/,,,,Hit/Data2Req/I,,Fault/
