cell,bench,rows,L1hit,stable,transient,coalesced,miss,stable_wcTot,stable_wcOld,stable_wcL2s,stable_wcL2a,stable_wcResp,transient_wcTot,transient_wcOld,transient_wcL2s,coalesced_wcTot,coalesced_wcOld,coalesced_wcL2s,miss_wcTot,miss_wcOld,miss_wcResp,miss_wcDRAM,oldStable_respAhead_mean,oldStable_respAhead_max,oldStable_refillsAhead_mean,oldStable_arrayAhead_mean,oldStable_arrayAhead_max,oldStable_arrayWrites_mean,oldMiss_respAhead_mean,oldMiss_respAhead_max,neverOldest_pct,stall_S_d_n,stall_S_d_wcL2s,stall_I_d_n,stall_I_d_wcL2s,stall_MN_d_n,stall_MN_d_wcL2s,stall_IorS_a_n,stall_IorS_a_wcL2s,stall_N_a_n,stall_N_a_wcL2s,stall_fetch_n,stall_fetch_wcL2s,stall_gateonly_n,stall_gateonly_wcL2s
0:1,a2time01-trace,275304,172522,86667,3345,9379,3391,81,81,57,72,30,72,72,38,277,277,253,261,261,17,245,0.00,0,0.00,0.1,7,0.0,0.00,0,0.0,5305,250,0,0,0,0,0,0,0,0,3271,253,36972,244
0:8,a2time01-trace,275304,195443,66688,6020,3697,3456,591,240,251,341,85,931,403,361,514,368,499,601,414,50,572,0.06,3,0.00,0.5,40,0.2,0.06,2,30.3,4686,374,3,26,0,0,0,0,0,0,1892,499,27726,459
1:1,a2time01-trace,275304,182198,91964,1142,0,0,78,78,49,69,31,62,62,31,0,0,0,0,0,0,0,0.00,0,0.00,0.0,6,0.0,0.00,0,0.0,1033,29,1,6,0,0,0,0,0,0,0,0,11749,49
1:8,a2time01-trace,275304,218654,53846,2803,1,0,581,233,283,381,60,575,288,229,28,0,19,0,0,0,0,0.04,4,0.00,0.5,41,0.2,0.00,0,21.4,2248,193,11,21,2,29,0,0,0,0,0,0,7093,283
2:1,a2time01-trace,275304,186271,87674,1359,0,0,77,77,57,67,24,60,60,30,0,0,0,0,0,0,0,0.00,0,0.00,0.0,6,0.0,0.00,0,0.0,1241,28,3,6,0,0,0,0,0,0,0,0,9671,57
2:8,a2time01-trace,275304,217377,54955,2972,0,0,585,277,294,353,67,600,375,218,0,0,0,0,0,0,0,0.04,3,0.00,0.6,35,0.2,0.00,0,21.9,2372,218,6,24,0,0,0,0,0,0,0,0,7361,294
0:1,aifirf01-trace,287332,177618,92463,3649,10048,3554,88,88,47,79,25,66,66,46,283,283,253,261,261,17,245,0.00,0,0.00,0.1,7,0.0,0.00,0,0.0,5693,253,0,0,0,0,0,0,0,0,3449,252,39432,248
0:8,aifirf01-trace,287332,201665,70589,6210,5241,3627,594,350,292,379,80,672,394,369,567,373,543,582,470,47,541,0.06,4,0.00,0.6,43,0.2,0.06,2,32.7,5444,543,6,13,1,15,0,0,0,0,2095,539,32068,512
1:1,aifirf01-trace,287332,212624,73786,922,0,0,73,73,42,63,23,61,61,27,0,0,0,0,0,0,0,0.00,0,0.00,0.0,6,0.0,0.00,0,0.0,881,24,7,5,1,4,0,0,0,0,0,0,4808,42
1:8,aifirf01-trace,287332,229872,54548,2912,0,0,520,255,335,412,90,626,281,226,0,0,0,0,0,0,0,0.05,4,0.00,0.6,41,0.3,0.00,0,21.7,2422,161,11,18,5,27,0,0,0,0,0,0,6844,335
2:1,aifirf01-trace,287332,193130,92918,1284,0,0,97,97,46,84,27,61,61,38,0,0,0,0,0,0,0,0.00,0,0.00,0.0,8,0.0,0.00,0,0.0,1168,29,3,4,0,0,0,0,0,0,0,0,9268,46
2:8,aifirf01-trace,287332,228096,55891,3345,0,0,499,260,212,478,90,627,247,233,0,0,0,0,0,0,0,0.05,4,0.00,0.7,48,0.3,0.00,0,22.4,2677,179,11,16,0,0,0,0,0,0,0,0,7664,233
0:1,basefp01-trace,289728,174645,95813,3767,11456,4047,87,87,71,78,25,85,85,41,288,288,253,263,263,12,247,0.00,0,0.00,0.1,7,0.0,0.00,0,0.0,6167,250,4,10,0,0,0,0,0,0,3911,253,44318,253
0:8,basefp01-trace,289728,202511,71775,6753,4450,4239,599,318,375,354,113,724,373,319,611,476,603,775,512,76,753,0.07,4,0.00,0.7,39,0.3,0.07,2,33.4,5074,526,27,31,5,29,0,0,0,0,2332,603,31832,505
1:1,basefp01-trace,289728,217993,70678,1057,0,0,104,104,49,95,23,67,67,32,0,0,0,0,0,0,0,0.00,0,0.00,0.1,9,0.0,0.00,0,0.0,904,30,65,9,34,12,0,0,0,0,0,0,4517,49
1:8,basefp01-trace,289728,229500,57019,3209,0,0,603,232,286,313,94,635,339,210,0,0,0,0,0,0,0,0.05,4,0.00,0.7,33,0.3,0.00,0,22.7,2472,210,53,30,57,54,0,0,0,0,4,70,7661,286
2:1,basefp01-trace,289728,195853,92716,1159,0,0,74,74,55,63,28,66,66,43,0,0,0,0,0,0,0,0.00,0,0.00,0.0,6,0.0,0.00,0,0.0,1029,29,28,7,0,0,0,0,0,0,0,0,9188,55
2:8,basefp01-trace,289728,231640,55381,2707,0,0,699,245,262,317,95,650,320,220,0,0,0,0,0,0,0,0.04,4,0.00,0.9,31,0.3,0.00,0,22.3,2190,220,48,18,0,0,0,0,0,0,0,0,6776,262
0:1,cacheb01-trace,342840,172083,103311,3385,47879,16182,80,80,50,71,33,72,72,50,277,277,260,269,269,16,253,0.00,0,0.00,0.1,7,0.0,0.00,0,0.0,5362,250,11,9,0,0,0,0,0,0,16074,258,71423,260
0:8,cacheb01-trace,342840,208065,94757,19099,9918,11001,1827,270,300,388,144,748,369,382,8427,8367,8412,9660,9633,166,9633,0.14,5,0.01,0.6,39,0.2,0.35,5,39.7,4608,398,1478,115,6257,360,0,0,0,0,8588,8412,53709,8282
1:1,cacheb01-trace,342840,208825,131394,2621,0,0,155,155,62,138,38,163,163,90,0,0,0,0,0,0,0,0.00,0,0.00,0.1,22,0.0,0.00,0,0.0,771,27,1479,16,346,90,0,0,0,0,0,0,4373,62
1:8,cacheb01-trace,342840,249430,72915,20495,0,0,651,317,311,294,204,1148,600,599,0,0,0,0,0,0,0,0.05,5,0.00,0.7,36,0.3,0.00,0,34.4,2447,179,5880,135,11588,599,0,0,0,0,15,321,7950,311
2:1,cacheb01-trace,342840,210622,130962,1256,0,0,158,158,89,149,28,141,141,39,0,0,0,0,0,0,0,0.00,0,0.00,2.5,15,1.5,0.00,0,0.0,781,29,422,13,0,0,0,0,0,0,0,0,5126,89
2:8,cacheb01-trace,342840,258777,80621,3442,0,0,662,444,543,652,90,638,239,209,0,0,0,0,0,0,0,0.03,4,0.00,16.1,66,8.7,0.00,0,30.4,2318,184,561,15,0,0,0,0,0,0,0,0,7265,543
0:1,empty-trace,211424,117066,83546,3381,5376,2055,88,88,50,79,23,68,68,45,294,294,261,269,269,17,253,0.00,0,0.00,0.1,7,0.0,0.00,0,0.0,4160,261,2,4,0,0,0,0,0,0,1914,260,34871,256
0:8,empty-trace,211424,143450,58953,4932,1947,2142,578,315,303,284,88,697,285,214,411,362,402,452,383,67,434,0.08,4,0.00,0.7,35,0.3,0.09,3,34.5,3869,365,15,43,1,5,0,0,0,0,1074,402,20561,391
1:1,empty-trace,211424,126909,82739,1776,0,0,109,109,35,99,28,67,67,35,0,0,0,0,0,0,0,0.00,0,0.00,0.0,11,0.0,0.00,0,0.0,1579,33,3,5,2,8,0,0,0,0,0,0,11355,35
1:8,empty-trace,211424,160296,48140,2988,0,0,587,257,284,337,70,737,298,274,0,0,0,0,0,0,0,0.05,4,0.00,0.7,34,0.3,0.00,0,25.9,2477,274,11,14,6,7,0,0,0,0,0,0,7593,284
2:1,empty-trace,211424,131957,78103,1364,0,0,74,74,47,65,22,74,74,37,0,0,0,0,0,0,0,0.00,0,0.00,0.0,6,0.0,0.00,0,0.0,1257,37,5,9,0,0,0,0,0,0,0,0,9883,47
2:8,empty-trace,211424,159574,48817,3033,0,0,620,275,313,346,64,818,320,304,0,0,0,0,0,0,0,0.05,4,0.00,0.7,33,0.2,0.00,0,26.0,2367,260,8,24,0,0,0,0,0,0,0,0,8545,313
0:1,iirflt01-trace,279404,169979,91119,3818,10675,3813,82,82,48,69,27,92,92,39,317,317,298,307,307,18,291,0.00,0,0.00,0.1,6,0.0,0.00,0,0.0,6026,297,9,6,0,0,0,0,0,0,3687,298,40252,277
0:8,iirflt01-trace,279404,195317,67070,7443,5497,4077,680,292,355,383,94,690,337,379,731,731,719,766,732,96,743,0.08,4,0.00,0.6,38,0.2,0.08,4,34.5,5800,583,49,31,7,13,0,0,0,0,2689,719,30516,567
1:1,iirflt01-trace,279404,189363,88473,1568,0,0,126,126,45,116,27,62,62,29,0,0,0,0,0,0,0,0.00,0,0.00,0.0,11,0.0,0.00,0,0.0,1362,28,53,14,8,8,0,0,0,0,0,0,9574,45
1:8,iirflt01-trace,279404,222250,54164,2990,0,0,563,300,398,410,70,635,315,236,0,0,0,0,0,0,0,0.04,4,0.00,0.6,44,0.3,0.00,0,22.1,2292,236,55,35,53,48,0,0,0,0,3,45,6542,398
2:1,iirflt01-trace,279404,207703,70691,1010,0,0,92,92,56,83,21,67,67,28,0,0,0,0,0,0,0,0.00,0,0.00,0.0,8,0.0,0.00,0,0.0,907,25,59,10,0,0,0,0,0,0,0,0,3884,56
2:8,iirflt01-trace,279404,222046,54539,2819,0,0,555,290,402,411,65,635,315,215,0,0,0,0,0,0,0,0.04,4,0.00,0.8,43,0.3,0.00,0,22.3,2247,215,54,30,0,0,0,0,0,0,0,0,6509,402
0:1,mi_pingpong,46,42,0,0,1,3,0,0,0,0,0,0,0,0,101,101,90,120,120,4,98,0.00,0,0.00,0.0,0,0.0,0.00,0,0.0,0,0,0,0,0,0,0,0,0,0,1,90,0,0
0:8,mi_pingpong,46,42,0,0,1,3,0,0,0,0,0,0,0,0,101,101,90,120,120,4,98,0.00,0,0.00,0.0,0,0.0,0.00,0,0.0,0,0,0,0,0,0,0,0,0,0,1,90,0,0
1:1,mi_pingpong,46,42,4,0,0,0,25,25,5,1,14,0,0,0,0,0,0,0,0,0,0,0.00,0,0.00,0.0,0,0.0,0.00,0,0.0,0,0,0,0,0,0,0,0,0,0,0,0,1,5
1:8,mi_pingpong,46,42,4,0,0,0,25,25,5,1,14,0,0,0,0,0,0,0,0,0,0,0.00,0,0.00,0.0,0,0.0,0.00,0,0.0,0,0,0,0,0,0,0,0,0,0,0,0,1,5
2:1,mi_pingpong,46,42,4,0,0,0,25,25,5,1,14,0,0,0,0,0,0,0,0,0,0,0.00,0,0.00,0.0,0,0.0,0.00,0,0.0,0,0,0,0,0,0,0,0,0,0,0,0,1,5
2:8,mi_pingpong,46,42,4,0,0,0,25,25,5,1,14,0,0,0,0,0,0,0,0,0,0,0.00,0,0.00,0.0,0,0.0,0.00,0,0.0,0,0,0,0,0,0,0,0,0,0,0,0,1,5
0:1,pntrch01-trace,293524,180699,95142,3319,10600,3764,136,136,56,127,25,66,66,34,307,307,298,307,307,14,291,0.00,0,0.00,0.1,12,0.0,0.00,0,0.0,5601,297,9,9,0,0,0,0,0,0,3661,298,41790,287
0:8,pntrch01-trace,293524,203351,75251,6795,4254,3873,799,329,453,472,85,781,444,301,659,538,650,659,550,73,643,0.07,4,0.00,0.6,49,0.2,0.07,3,33.4,5278,578,17,8,5,14,0,0,0,0,2025,650,33315,549
1:1,pntrch01-trace,293524,216046,76478,1000,0,0,82,82,46,72,25,65,65,30,0,0,0,0,0,0,0,0.00,0,0.00,0.0,7,0.0,0.00,0,0.0,891,29,58,10,9,9,0,0,0,0,0,0,4796,46
1:8,pntrch01-trace,293524,228009,61609,3905,1,0,763,252,251,320,76,668,327,282,18,17,10,0,0,0,0,0.05,4,0.00,0.6,32,0.3,0.00,0,23.7,2917,239,24,24,13,11,0,0,0,0,0,0,9672,282
2:1,pntrch01-trace,293524,193963,98129,1432,0,0,92,92,64,83,34,76,76,30,0,0,0,0,0,0,0,0.00,0,0.00,0.0,8,0.0,0.00,0,0.0,1251,28,27,9,0,0,0,0,0,0,0,0,12851,64
2:8,pntrch01-trace,293524,233136,57234,3154,0,0,624,269,278,374,71,639,414,254,0,0,0,0,0,0,0,0.04,4,0.00,0.7,36,0.3,0.00,0,22.4,2481,243,17,44,0,0,0,0,0,0,0,0,7533,278
0:1,rspeed01-trace,284108,175090,92243,3741,9600,3434,74,74,48,65,23,85,85,39,279,279,256,269,269,18,253,0.00,0,0.00,0.1,6,0.0,0.00,0,0.0,5766,250,5,6,0,0,0,0,0,0,3301,256,40766,253
0:8,rspeed01-trace,284108,200657,69073,6765,4146,3467,850,379,385,399,104,944,420,391,613,424,563,600,425,62,583,0.06,4,0.00,0.5,39,0.2,0.05,3,31.1,5384,558,9,15,0,0,0,0,0,0,1707,563,29300,547
1:1,rspeed01-trace,284108,212071,70989,1048,0,0,80,80,34,71,24,63,63,27,0,0,0,0,0,0,0,0.00,0,0.00,0.0,7,0.0,0.00,0,0.0,916,24,101,9,1,8,0,0,0,0,0,0,4607,34
1:8,rspeed01-trace,284108,226841,54868,2399,0,0,588,277,335,398,72,635,315,214,0,0,0,0,0,0,0,0.03,4,0.00,0.4,35,0.2,0.00,0,20.4,2000,214,11,10,3,14,0,0,0,0,0,0,5670,335
2:1,rspeed01-trace,284108,210633,72324,1151,0,0,70,70,45,61,19,67,67,47,0,0,0,0,0,0,0,0.00,0,0.00,0.0,6,0.0,0.00,0,0.0,1058,47,43,9,0,0,0,0,0,0,0,0,5557,45
2:8,rspeed01-trace,284108,226002,55756,2350,0,0,468,255,248,277,58,742,403,189,0,0,0,0,0,0,0,0.03,3,0.00,0.5,26,0.2,0.00,0,20.5,1946,179,6,10,0,0,0,0,0,0,0,0,6262,248
0:1,ttsprk01-trace,306448,185841,102816,3398,10588,3805,93,93,64,84,31,72,72,46,286,286,266,276,276,12,260,0.00,0,0.00,0.1,8,0.0,0.00,0,0.0,5645,258,3,10,0,0,0,0,0,0,3669,266,40911,257
0:8,ttsprk01-trace,306448,208707,83779,5826,4291,3845,701,340,326,407,149,785,354,360,424,372,384,629,624,103,608,0.07,6,0.00,0.5,41,0.2,0.10,4,32.7,5013,364,26,19,2,104,0,0,0,0,1876,384,31256,381
1:1,ttsprk01-trace,306448,198778,106266,1404,0,0,70,70,40,61,32,58,58,38,0,0,0,0,0,0,0,0.00,0,0.00,0.0,6,0.0,0.00,0,0.0,1284,30,21,12,1,8,0,0,0,0,0,0,11011,40
1:8,ttsprk01-trace,306448,234706,68383,3359,0,0,671,426,419,386,118,617,449,234,0,0,0,0,0,0,0,0.04,4,0.00,0.6,38,0.3,0.00,0,23.9,2701,234,29,22,4,16,0,0,0,0,0,0,7566,419
2:1,ttsprk01-trace,306448,197347,107389,1712,0,0,82,82,44,73,33,68,68,39,0,0,0,0,0,0,0,0.00,0,0.00,0.0,7,0.0,0.00,0,0.0,1551,29,15,9,0,0,0,0,0,0,0,0,11366,44
2:8,ttsprk01-trace,306448,227866,74742,3840,0,0,617,280,254,437,144,564,253,242,0,0,0,0,0,0,0,0.05,4,0.00,0.6,43,0.2,0.00,0,26.2,2993,194,31,73,0,0,0,0,0,0,0,0,11539,254
